Cloudian - Eye of the Typhoon,
Flying Fortress SKY FIRE,
Burning Skull Head,
Final Psychic Ogre,
Success Probability 0%,
Soul Hunter,Foil
Swamp Battleguard,
Sword Hunter,
Zombyra the Dark,
Spirit Ryu,
Cranium Fish,
Salvage Warrior,
Steel Ogre Grotto #2,
Burning Land,
Token Thanksgiving,
Dust Barrier,
Fulfuillment of the Contract,
Hero Flash!!,
Shift,
Human-Wave Tactics,Foil
Number 14: Greedy Sarameya,
Nopenguin,
Sharkraken,
Cockadoodledoo,Foil
Megalith Phaleg,
Princess of Tsurugi,
Mermaid Archer,
Dark Spider,
Rage of the Deep Sea,
Performapal Elephammer,
Shiranui Smith,
Kuro-Obi Karate Spirit,
Grappler,
Wings of Wicked Flame,
Ancient Brain,Foil
Gadget Soldier,
Pitch-Black Power Stone,
Weed Out,
Hero Counterattack,
Spell Reclamation,
The Fang of Critias,
Gemini Imps,
Shield Worm,Foil
Abyss Warrior,
Elementsaber Lapauila,
Damage Diet,
Pendulum Hole,
Kiseitai,
3-Hump Lacooda,
Familiar Knight,
Blazing Hiita,
Chrysalis Larva,
Yamatano Dragon Scroll,
Man Eater,
Kurama,
Launcher Spider,
Telekinetic Power Well,
Breaking of the World,
Grave Lure,
Jar of Generosity,
Sinister Serpent,
Gate Guardian,
Cloudian - Nimbusman,Foil
Centerfrog,
D/D Proud Ogre,
My Body as a Shield,
Detonate,
Winged Minion,
Chrysalis Pinny,
Handcuffs Dragon,Foil
Piercing Moray,
Eagle Shark,
Cluster Congester,
Flame Manipulator,
Jade Insect Whistle,Foil
Spirit Burner,
Metal Detector,
Royal Writ of Taxation,
Shield Spear,
Defensive Tactics,
"Burner, Dragon Ruler of Sparks",
Emperor Maju Garzette,
Magic Hole Golem,
"World Legacy - ""World Armor""",
Noblke Knight Pellinore,
Performage Mirror Conductor,
Man-eating Black Shark,
Elemental HERO Inferno,
Berfomet,
Chrysalis Pantail,
Super Defense Robot Monki,
Artifact Failnaught,
Assault Blackwing - Kunai the Drizzle,
Performapal Radish Horse,
Claw Reacher,
Madjinn Gunn,
Acrobat Monkey,
Noble Knight Artorigus,
Suppression Collider,
Centrifugal Field,
Legion the Fiend Jester,Foil
Blast Asmodian,
Damage Eater,
"World Legacy - ""World Armor""",
Mask of Dispel,
Des Dendle,
Rocket Jumper,
Absorbing Kid from the Sky,
Hunter Owl,
Perditious Puppeteer,
Rodenut,
Dotedotengu,
Artifact Failnaught,Foil
Arlownay,
Queen Bird,Foil
Contact,
Creature Seizure,
Frightfur Reborn,Foil
Destiny Mirage,
Contract Laundering,
Mask of Brutality,
Secret Barrel,
Cobra Jar,
Shadowslayer,
Hunter Owl,
Jawsman,Foil
Crashbug X,
Saambell the Summoner,
Noble Knight Eachtar,
Great White,
Tiger Axe,
Mystical Capture Chain,
Necrolander The Time-lord,
Stuffed Animal,Foil
Giant Red Seasnake,
Rock Spirit,
Fake Hero,
Wonder Clover,
Gemini Trap Hole,
Miracle Locus,
Single Purchase,
Dark Spcorpion - Meanae the Thorn,
Goblin Recon Squad,
Caligo Claw Crow,Foil
Baby Raccoon Ponpoko,
Wetlands,
Punished Eagle,
Dreamsprite,
Bowganian,
Performapal Skeeter Skimmer,
D/D Berfomet,
Garbage Collector,
Texchanger,
Gorgon Egg,Foil
V-Tiger Jet,
Fusion Weapon,
Ritual Weapon,Foil
Token Sundae,
Trap Reclamation,
Battle Teleportation,
"Number 23: Lancelot, Dark Knight of the Underworld",
Transmigration Break,
Skilled Dark Magician,
Goblin Thief,
Sabatiel - The Philosopher's Stone,
Linkerbell,
Maiden of the Aqua,
Getsu Fuhma,
Combo Fighter,
Combo Master,
Darklon,
Mecha Phantom Beast Harrliard,
Satellarknight Rigel,
Bio Plant,
Shovel Crusher,Foil
Rain of Mercy,
The Dark Door,
The Second Sarcophagus,
Miniaturize,
Graydle Split,
Big Belly Knight,
Cyber Tutubon,Foil
Stardust Shimmer,
Swords of Burning Light,
Mimiclay,Foil
Token Feastevil,
Pinpoint Guard,
Renewal of the World,
The Creator Incarnate,
Machina Soldier,
Disciple of the Forbidden Spell,
Ground Spider,
Spawn Aligator,
Changer Synchron,
Performapal Skeeter Skimmer,
Performapal Lebellman,
Oppressed People,
Graceful Dice,
Combination Attack,
Fusion Weapon,
Gale Dogra,
Cracking Dragon,
Bownty,Foil
Gearfried the Iron Knight,
Xyz Override,
World Legacy Bestowal,Foil
Elemental HERO Necroid Shaman,
Winged Minion,
Blood Sucker,
Chrysalis Dolphin,
Gemini Lancer,
Destiny HERO - Dunker,
Shield Warrior,
Genex Gaia,
Ignkight Squire,
Rock Ogre Grotto #1,
Simultaneous Loss,
Offering to the Immortals,
Darkfall,
Ghosts From the Past,
Archfiend's Ascent,
Ultimate Insect LV3,
Ancient Dragon,
Warrior Elimination,
Level Limit - Area B,Foil
Prideful Roar,
Leghul,
Royal Keeper,
Elemental HERO Knospe,
Man Beast of Ares,Foil
Worm Dimikles,
Sea Lancer,
Fire Kraken,
Contract with the Dark Master,
The Big March of Animals,Foil
Spell Calling,Foil
Domino Effect,
Mind Haxorz,
Zero Force,
Three of a Kind,
Mystical Refpanel,
Gemini Elf,Foil
Twin-Headed Behemoth,
Helping Robot for Combat,
Gearfried the Swordmaster,
Performapal Kaleidoscorp,
Wattaildragon,
Acid Rain,
Dream Clown,
Maryokutai,
Bone Crusher,
Photon Slasher,
Labyrinth Wall,
Kanikabuto,
Bolt Penguin,
Snakeyashi,
Hyosube,Foil
Lighten the Load,
Card Rotator,
Elemental Burst,
Fire Princess,
Hushed Psychic Cleric,
Castle Link,
Defense Draw,
Side Effects?,Foil
Blast Juggler,
Mushroom Man #2,
Vampire Lady,
Gravi-Crush Dragon,
Big Insect,
Terra the Terrible,
Two-Mouth Darkruler,
Pot the Trick,
The Portrait's Secret,
Rising Air Current,
Trial of the Princesses,
Linear Accelerator Cannon,
Aquarium Set,
Disarmament,
Elemental Absorber,
Thunder Sea Horse,
Hope for Escape,
Number 52: Diamond Crab King,
The Fiend Megacyber,
Galaxy Serpent,
After the Storm,
Blasting Fuse,
Pixie Ring,
Two Thousand Needles,Foil
Cyber Esper,
Magnetic Mosquito,
Gladiator Beast Lanista,
Performapal Lizardraw,
Metalfoes Silverd,
Dark Shade,
The Secret of the Bandit,
Talisman of Trap Sealing,
Level Tuning,
Judgment of the Desert,
Dark Advance,
Blowback Dragon,Foil
Great Poseidon Beetle,
Interplanetarypurplythorny Beast,Foil
Meteor of Destruction,
Amulet of Ambition,Foil
Common Charity,
White Magical Hat,
Flash Assailant,
Gale Lizard,
Machina Defender,
Reborn Zombie,
Sand Moth,Foil
Blackwing - Fane the Steel Chain,
Giant Soldier of Stone,
That Which Feeds on Life,Foil
Green Phantom King,
Boo Koo,
Insect Knight,
Cestus of Dagla,
Mystic Probe,
Wattaildragon,
Spell Vanishing,Foil
Dice It,
Susa Soldier,
Susa Soldier,
Koitsu,
Roc from the Valley of Haze,
Lost Guardian,Foil
Destiny HERO - Doom Lord,
Blizzard Warrior,
Magna Drago,
Twin-Shield Defender,
Stinging Swordsman,
Performapal Lizardraw,
Performapal Radish Horse,
Performapal Radish Horse,
Cold Feet,
Two-Pronged Attack,
Archfiend's Roar,Foil
Intercept,
"Reactan, Dragon Ruler of Pebbles",
D.D. Jet Iron,
Poison of the Old Man,
Dark Scorpion Combination,Foil
Graceful Revival,
Shiranui Style Samsara,
The Hunter with 7 Weapons,
Dark Driceratops,
Raging Earth,Foil
Wingtortoise,
Petit Dragon,
Dark Assailant,
Mech Bass,
Steel Ogre Grotto #2,
Neo the Magic Swordsman,
Grand Tiki Elder,Foil
Island Turtle,
Elf's Light,
Soul Resurrection,
Chain Burst,
Sword Breaker,Foil
Turret Warrior,
Anarchist Monk Ranshin,
Escher the Frost Vassal,
D/D/D Dragon King Pendragon,
Shadow Spell,
Froggy Forcefield,
Combo Fighter,
Twin-Sword Marauder,
Blackwing - Pinaki the Waxing Moon,
Link Streamer,
Illusionist Faceless Mage,
Great Bill,
Headless Knight,
Gaia Power,
Branch!,
Poison Chain,
Prevention Star,
Black -Winged Strafe,
Doppelganger,
Number 45: Crumble Logos the Prophet of Demolition,
Elemental HERO Steam Healer,
Newdoria,
Phantom Beast Wild-Horn,
Blizzard Dragon,Foil
Galaxy Serpent,
Heavy Slump,
Unbreakable Spirit,
Hungry Burger,
Fire Sorcerer,
Outstanding Dog Marron,
Reed Butterfly,
Ignoble Knight of Black Laundsallyn,
Sorcerer of the Doomed,
Synchro Change,
Soundproofed,
Trojan Blast,
Terrible Deal,
Shield Spear,
Trap Reclamation,Foil
Gemini Elf,
Mudora,
Lee the World Chalice Fairy,
"Prometeor, the Burning Star",
D/D Evil,
Mystery Shell Dragon,
Leeching the Light,Foil
Black and White Wave,
Seven Tools of the Bandit,
Curse of Darkness,Foil
Cry Havoc!,
Tuner's Scheme,
Face-Off,
Giant Axe Mummy,
Crimson Ninja,
Earthquake Giant,
Lord of Zemia,
Wing Egg Elf,
Incaandescent Ordeal,
Foolish Return,
Exchange,
Fortress Whale,
Command Knight,
Unibird,
Sage's Stone,
Discord,
Free-Range Monsters,
Element Magician,
Gladiator Beast Torax,
Creepy Coney,
Gouki Moonsault,
Mechanical Snail,
Crowned by the World Chalice,
Block Attack,Foil
Soul Reversal,
Black-Winged Strafe,
Cynet Universe,
Level Limit - Area A ,Foil
Synchro Deflector,
Orcustrated Attack,
Cross Over,
Helpoemer,
Maiden of Macabre,
D/D/ Proud Ogre,
Psychic Wave,
Backup Soldier,
The Eye of Truth,
Aqua Dragon,
Nuvia the Wicked,
Winged Minion,Foil
Iron Chain Snake,
Elder of the Six Samurai,
Armored Lizard,
The 13th Grave,
Guardian of the Labyrinth,
Ushi Oni,
Creature Seizure,
Acidic Downpour,Foil
Orcustrated Core,
Orcustrated Release,
Makyura the Destructor,
Phantom Beast Thunder-Pegasus,
Machine Lord Ur,
Digial Bug Websolder,
Kuribee,
Wetlands,
Mirage Dragon,
Medusa Worm,
Stray Asmodian,
Chrysalis Mole,
Phoenixian Seed,
Artifact Labrys,
Amorphage Lechery,
Grappler,
"30,000-Year White Turtle",
Dragon Treasure,
Lightning Blade,
Ekibyo Drakmord,
A Feint Plan,
Disarmament,
Clear Vice Dragon,
Archfiend Empress,
Tin Archduke,
Underworld Fighter Balmung,
Cloudian - Storm Dragon,Foil
Tripod Fish,
Mega Ton Magical Cannon,
Amphibious Bugroth,
Pumpking the King of Ghosts,
Moai Interceptor Cannons,
Grave Ohja,Foil
Cloudian - Ghost Fog,
Kurivolt,
Woodborg Inpachi,
Chamberlain of the Six Samurai,
Spiritualism,
Opti-Camouflage Armor,
Return of the Six Samurai,
Inzektor Orb,Foil
One or Eight,
Berserk Dragon,
Power Filter,
Different Dimension Gate,
D.D. Designator,
Dark Scorpion Combination,
Dark Mimic LV1,
Nobleman-Eater Bug,
Proto-Cyber Dragon,
Playful Possum,
Performapal Ballad,
Stone Armadiller,
Yormungarde,
Mystical Moon,
Stim-Pack,
Luminous Spark,
D.D. Borderline,
Xyz Energy,
Hero Counterattack,
Slip Summon,Foil
Orcustrated Attack,Foil
Magical Android,
Black Tyranno,
Cyber Gymnast,
Guerilla Kite,
Zoodiac Ramram,
Fire Opal Head,
Otohime,Foil
Outstanding Dog Marron,Foil
Royal Knight,
Black Ptera,
Bone Crusher,
Rhinotaurus,
Shocktopus,
Performapal Bowhopper,
Dokuroizo the Grim Reaper,
Shiranui Style Synthesis,
Beast Soul Swap,
Chthonian Blast,
Blackwing - Boobytrap,
Inspiration,
Ojama Pajama,
Galaxy Serpent,
Emergency Provisions,
White Magical Hat,
Blindly Loyal Goblin,
Fear from the Dark,
Arcane Archer of the Forest,
Mormolith,
Skreech,
Shien's Advisor,
Cluster Congester,
Crazy Fish,
Takuhee,
Beckoned by the World Chalice,
Double Snare,
Hero Flash!!,
Rocket Pilder,
Skull Dice,
Secrets of the Galllant,
Explosive Urchin,Foil
Messenger of Peace,
The Legendary Fisherman,
Aquaactress Arowana,Foil
Performapal Momoncarpet,
Hayabusa Knight,
Second Goblin,
Sand Gambler,
Hade-Hane,Foil
Kangaroo Champ,
Link Streamer,
Doron,
Dark Assailant,
The Illusory Gentleman,
Soul of the Pure,
The Warrior Returning Alive,
Spellbook Organization,
Foolish Return,
World Legacy's Heart,
Counter Counter,
Oh F!sh!,
Decode Talker,
Troposphere,
Djinn Demolisher of Rituals,
Terminal World,Foil
Xyz Gift,
Half Counter,
Brutal Beast Battle,
Deepsea Shark,Foil
Woodland Archer,
Overlay Eater,Foil
Morpho Butterspy,
Battle Steer,Foil
Horn Imp,Foil
Battle Warrior,
Hero of the East,
Ancient Jar,
Behegon,
Paralyzing Chain,
Life Absorbing Machine,
Ritual Buster,
Anti-Magic Arrows,
World Legacy Clash,
Photon Papilloperative,Foil
Lion Alligator,
Cry Havoc!,
Elemental HERO Necroid Shaman,
Elemental HERO Inferno,
"Demise, Agent of Armageddon",
Teva,Foil
Unshaven Angler,
Jawsman,Foil
Mimimic,
Chow Chow Chan,
Performapal Coin Dragon,
Hitotsu-Me Giant,
Alligator's Sword,
Wingweaver,
Skull Dog Marron,
Anti-Spell,
Miracle Locus,
Mine Mole,
Doriado's Blessing,Foil
Mind Over Matter,
Zombie Warrior,Foil
Magical Plant Mandragola,Foil
The Trojan Horse,
Metal Shooter,
Kunoichi,
Performapal Changeraffe,Foil
Temple of Skulls,
Last Day of Witch,
The Reliable Guardian,
Ritual Weapon,
NEX,
Cursed Bill,Foil
Painful Return,
Infinite Dismissal,
Trap Reclamation,
Subsurface Stage Divers,
Guardragon Corewakening,
Dark Highlander,
Supermagic Sword of Raptinus,
Number 52: Diamond Crab King,
Phantom Beast Thunder-Pegasus,
"Rose, Warrior of Revenge",
Pahunder,Foil
Sextet Summon,
Performapal Show Down,
Desertapir,
Royal Knight,
Immortal Ruler,
Samurai Sword Baron,
Tenshin,
Performapal Handstandaccoon,
Parrot Dragon,
Kishido Spirit,
Tricky Spell 4,
Ballista of Rampart Smashing,
Solar Ray,
Attack of the Cornered Rat,Foil
Number C80: Requiem in Berserk,
Cocoon of Evolution,
Fishborg Doctor,
Chain Detonation,
Super Roboyarou,
Lava Battleguard,
Mechanical Hound,Foil
Sand Moth,
Cyber Kirin,
Grapple Blocker,
Dragunity Angusticlavii,
Interceptomato,
Performapal Sellshell Crab,
Crawling Dragon,
Hero of the East,
Magical Labyrinth,
Legendary Black Belt,Foil
Impenetrable Formation,
Self-Mummification,
Nitwit Outwit,
Trust Guardian,
Hunter of Black Feathers,
Purushaddoll Aeon,
Elemental HERO Necroid Shaman,
Hysteric Fairy,
Don Turtle,
Blazing Hiita,
Blade Bounzer,
Aquaactress Tetra,
Majespecter Fox - Kyubi,
Grappler,
Woodborg Inpachi,
Cold Feet,
Shiranui Style Synthesis,
Frightfur Reborn,
Curse of Royal,
Fruits of Kozaky's Studies,
Introduction to Gallantry,
An Unfortunate Report,
Ghosts From the Past,
Flying Fortress SKY FIRE,
Jackpot 7,
Pendulum Area,
Verdant Sanctuary,
Dark Artist,
Jirai Gumo,
Whirlwind Prodigy,
Magna Drago,
Fabled Ashenveil,
Blackwing - Jin the Rain Shadow,
Performapal Turn Trooper,
Enchanting Mermaid,
The Furious Sea King,
Launcher Spider,
The Portrait's Secret,Foil
Double Snare,
Solomon's Lawbook,
The First Sarcophagus,
Rain Storm,
World Legacy Collapse,
Five-Headed Dragon,
"Burner, Dragon Ruler of Sparks",
Hidden Springs of the Far East,Foil
YZ-Tank Dragon,
Trap Reactor - Y FI,
Card of Sacrifice,
Face-Off,
Bitelon,
Fabled Ashenveil,
Top Runner,Foil
Toad Master,
Gatekeeper,
Sword Slasher,
Giga-Tech Wolf,
Smashing Ground,
Branch!,
Final Gesture,
Fire Prison,
Desert Sunlight,Foil
Chain Burst,
Galaxy Stealth Dragon,
"Exxod, Master of the Guard",
Night Papilloperative,
Dupe Frog,
Spell Reactor - RE,
Ballista Squad,
Pandemonium Watchbear,
Desertapir,
Cyber Laser Dragon,
Izanami,
Nitro Synchron,
Ancient Crimson Ape,
Constellar Acubens,
Tasuke Knight,Foil
Malicevorous Spoon,
Wood Clown,
Launcher Spider,
Guardragon Justica,
Vengeful Bog Spirit,
Sealing Ceremony of Suiton,
"Sophia, Goddess of Rebirth",
Paraonic Guardian Sphinx,
Magician of Faith,
Kaiser Sea Horse,
Electric Virus,
Geargiattacker,
Gorgonic Ghoul,
Dicelops,Foil
Serpent Night Dragon,
Swords of Burning Light,
D.3.S. Frog,
4-Starred Ladybug of Doom,
Des Frog,
Swift Birdman Joe,
Masked Chopper,
Crashbug X,
Armaill,
Abyssal Designator,
Numinous Healer,
Fine,
One Day of Peace,
Dark Magic Veil,Foil
Kickfire,
Deepsea Shark,
Elemental HERO Mariner,
Little-Winguard,Foil
Dark Magician Knight,
Naturia Vein,
Shien's Advisor,
Larvas,
Claw Reacher,
Dancing Elf,
Ocubeam,
Aqua Snake,Foil
Miracle Dig,
Knight's Title,
Flint Missle,
Hidden Spellbook,
Penalty Game!,
Weed Out,
Soul Drain Dragon,
Spell Chronicle,
Detonate,
The Little Swordsman of Aile,
Jigen Bakudan,
Roulette Barrel,
Destruction Cyclone,
Power Injector,
Earthquake Giant,
Spirit of the Winds,
Monstrutle,
Ryu-Kishin Powered,
Nekogal #2,
A Wingbeat of Giant Dragon,Foil
Rocket Pilder,
Call of the Grave,
Numinous Healer,Foil
Aqua Chorous,
Fruits of Kozaky's Studies,
No Entry!!,
Gem-Knight Aquamarine,
Genesis Dragon,
Turret Warrior,
Tainted Wisdom,
Wroughtweiler,
Fossil Tusker,
Super Defense Robot Lio,
Noble Knight Eachtar,
Lord of Zemia,
Fiend Sword,
Hitodenchak,
Steel Ogre Grotto #1,
Roboyarou,
Chu-Ske the Mouse Fighter,
After the Struggle,
Spider Web,
Painful Return,
Trap Reclamation,
Utopian Aura,
Performapal Revival,
Chthonian Emperor Dragon,
Possessed Dark Soul,
Fenrir,
Blast Asmodian,
Phantom Beast Thunder-Pegasus,
Featherizer,
Balloon Lizard,
Element Magician,
Flint Lock,
Infinity Dark,Foil
Mabarrel,Foil
Soul Release,
Back to Square One,
Kaminote Blow,
Cyclone Blade,
Gladiator Beast's Battle Halberd,
Resonance Device,Foil
Child's Play,Foil
Miracle Restoring,
Absolute End,
Time Wizard,
Infernal Flame Emperor,Foil
Discord,
Twin-Headed Wolf,
Combo Master,
Des Mosquito,
Performapal Drummerilla,
Flame Manipulator,
Akakieisu,Foil
Twin Long Rods #2,
Acid Crawler,
Crowned by the World Chalice,
Steel Shell,
Cyclone Boomerang,
Paralyzing Chain,
Full-Force Strike,
White Hole,
Narrow Pass,
Psychic Soul,
Full House,
The Rock Spirit,
Destiny HERO - Dasher,
Dimensional Alchemist,
Noble Knight Pellinore,
ESP Amplifier,
Little-Winguard,
8-Claws Scorpion,
Freezing Beast,
Catnipped Kitty,
Gemini Summoner,
Regenerating Rose,
Samurai Sword Baron,
Flyfang,
Super Defense Robot Lio,
Wicked Dragon with the Ersatz Head,
Luster Dragon,Foil
Legendary Sword,
Scroll of Bewitchment,
Senet Switch,
Icy Crevasse,
D.D. Dynamite,
Phantom Beast Cross-Wing,
Golden Ladybug,Foil
Nimble Manta,
Dedication through Light and Darkness,
Dust Storm of Gusto,
Element Soldier,
Genex Furnace,
Divine Dragon Aquabizarre,
Quick-Span Knight,
Gillagillancer,
Dinomist Plesios,
Big Insect,
Disk Magician,
Mekk-Knight Avram,Foil
Vengeful Servant,
Graverobber's Retribution,
Formation Union,
D/D Recruits,
Orcustrated Attack,
Fusionist,
Dimensional Alchemist,
Genetic Woman,
Gora Turtle,
Dark Scorpion - Cliff the Trap Remover,
Blood Sucker,
Inzektor Ant,
Performapal Gumgumouton,
Igknight Paladin,
Doron,
Aqua Snake,
Crow Goblin,
Hunter Spider,
Red Medicine,
Rain of Mercy,
Ekibyo Drakmord,
Photon Generator Unit,
Sealing Ceremony of Mokuton,
Bug Emergency,
Cynet Refresh,
Hyper Hammerhead,
Cloudian - Nimbusman,
Cloudian - Nimbusman,
Amarylease,
Chain Summon,
Penguin Soldier,
Bazoo the Soul-Eater,
Cobraman Sakuzy,
Iron Chain Coil,Foil
Rapid Warrior,
Aquaactress Tetra,
Trickstar Mandrake,Foil
Igknight Veteran,
Big Insect,
Rock Spirit,
Monster Recovery,
Rocket Pilder,
Formation Union,
Synchro Deflector,
Five Brothers Explosion,
Pot of Dichotomy,
Mazera DeVille,
Great Poseidon Beetle,
Muko,
Spirit Barrier,
Tyrant's Tirade,Foil
Fire Sorcerer,
Dragon Manipulator,
Freezing Beast,
Maju Garzett,
Jutte Fighter,
Skystarray,
Phantom Bounzer,Foil
Dark Rabbit,
Behegon,
The Thing That Hides in the Mud,
Melchid the Four-Face Beast,
Rain of Mercy,
Poison Chain,
Cursed Bill,
"Leo, the Keeper of the Sacred Tree",
Des Koala,
Phantom Beast Rock-Lizard,
Super-Ancient Dinobeast,
Esper Girl,
Secret Sect Druid Dru,
Shogi Lance,
Assault Dog,
Mystical Wind Typhoon,
Light of Intervention,
Photon Caesar,
Ogre of the Black Shadow,
Giganto,
The Thing That Hides in the Mud,
The A. Forces,
Silent Doom,
Ascending Soul,
Level Conversion Lab,
Miracle Kids,
Lineage of Destruction,
Creeping Darkness,
Cyber Ogre 2,
Cybernetic Magician,
Phantom Beast Wild-Horn,
Firewall Guardian,
Cry Havoc!,
Marine Beast,
Crab Turtle,
Flame Ruler,
Naturia Tulip,
D/D Berfomet,
"Winged Dragon, Guardian of the Fortress #1",
Armored Lizard,
Crawling Dragon #2,
Fungi of the Musk,
Double Attack,
Impenetrable Formation,
Infected Mail,
Poisonous Winds,
Narrow Pass,
Giganticastle,Foil
Sharkraken,
Paradox Fusion,
Elemental HERO Inferno,Foil
Karakuri Spider,
Susa Soldier,Foil
Brain Crusher,
Arcane Archer of the Forest,
Monk Fighter,
Infernal Incinerator,
Performapal Lizardraw,
Battle Steer,
Weather Control,
Man Eater,
Zarigun,
Machine Attacker,
Alligator's Sword,
Soul of the Pure,Foil
Token Sundae,
Disarmament,
Ante,
Number 31: Embodiment of Punishment,
Gigastone Omega,
Fishborg Planter,
D/D/D Dragon King Pendragon,
Magical Plant Mandragola,
Brain Jacker,
Samsara Kaiser,
Extra Veiler,
Boost Warrior,
Performapal Cheermole,
Gate Deeg,
High Tide Gyojin,
Gazelle the King of Mythical Beasts,
Soitsu,
The Secret of the Bandit,
Bubble Illusion,
Orb of Yasaka,
Assault Spirits,
Sealing Ceremony of Raiton,
Zeta Reticulant,
Blade Knight,
Tiger Dragon,
Relinkuriboh,
Symbols of Duty,
Cauldron of the Old Man,
Outstanding Dog Marron,Foil
Commander Covington,
Destiny HERO - Doom Lord,
Destiny HERO - Defender,
Elemental HERO Ice Edge,Foil
Poki Draco,
Performapal Lebellman,
Great White,
Dark Plant,
Mystic Box,
Cross Counter,
Miracle Locus,
Appointer of the Red Lotus,
Majespecter Supercell,
Card of Fate,
Tradetoad,
Lekunga,
Gandora the Dragon of Destruction,
Spined Gillman,
Lancer Archfiend,
Genomix Fighter,
Ectoplasmer,
Swords of Burning Light,
Destruction Ring,Foil
Fake Explosion,
Swift Birdman Joe,
Chrysalis Larva,
Psychic Jumper,
Inzektor Ant,
Performapal Hip Hippo,
Dark Energy,
Weapon Change,
Cross Attack,
Pineapple Blast,Foil
Spell Strider,
White Night Queen,Foil
DMZ Dragon,Foil
Dragoons of Draconia,
Charubin the Fire Knight,
Elemental HERO Necroid Shaman,
Dream Clown,
Destiny HERO - Doom Lord,
Plasma Ball,
Spell Recycler,
Performapal Skeeter Skimmer,
Amorphage Greed,
Lancephorhynchus,
Mountain Warrior,
Hourglass of Life,Foil
Unicycular,
Black-Winged Strafe,
Eatgaboon,Foil
Gryphon Wing,
Three of a Kind,
Samurai Destroyer,
The Masked Beast,
Herald of Creation,
Super Crashbug,
Evolsaur Pelta,
Bounzer Guard,
Urgent Ritual Art,Foil
Pragtical,
The Unfriendly Amazon,
Fire Sorcerer,
Dark Scorpion - Cliff the Trap Remover,
Arcane Archer of the Forest,
Stray Asmodian,
D.D. Unicorn Knight,
Buten,
Turtle Raccoon,
Spirit Burner,
Token Sundae,
Metal Detector,
Orcustrated Core,
Supersonic Skull Flame,
Slate Warrior,
Possessed Dark Soul,
Centerfrog,Foil
Psychic Megacyber,
Tremendous Fire,
Cyber Archfiend,
Cyber Barrier Dragon,
Kurivolt,
Malicevorous Knife,
Key Mace #2,
Baron of the Fiend Sword,
Mad Dog of Darkness,
Dragon Treasure,
The Dark Door,
Ruthless Denial,
Fog Control,
Summon Over,
Call of the Grave,
Black Wing Revenge,
Insect Princess,
Golem Sentry,
Fire Opal Head,
Greed Grado,
Giant Ballpark,
Oh Tokenbaum!,
Musician King,
Grave Ohja,
Dinomist Brachion,Foil
Monster Tamer,Foil
Machine Attacker,Foil
Mad Lobster,
Electro-Whip,
Synchro Gift,
Zero Extra Link,
Ice Mirror,
Skull Dice,
Major Riot,
Royal Surrender,
Swiststrike Armor,
Fiend Skull Dragon,
Destiny HERO - Diamond Dude,
Mira the Star-Bearer,
Garma Sword,
Elemental Mistress Doriado,
Spell Economics,
Level Resist Wall,
Pulse Mines,
Crimson Sentry,
Desertapir,
Spearfish Soldier,
Super Defense Robot Lio,
Rock Spirit,Foil
The Dragon Dwelling in the Cave,
Cocoon Party,Foil
Synchro Control,
Performapal Recasting,
Minor Goblin Official,
Super Junior Confrontation,
Wild Tornado,
Ojama Pajama,
Digital Bug Websolder,
Duck Dummy,
Bad Aim,
Marine Beast,
Shining Angel,
Mad Sword Beast,
Sasuke Samurai #4,
Chrysalis Pinny,
Tenma the Sky Star,
Kojikocy,Foil
Dark Gray,
The 13th Grave,
Psychic Kappa,Foil
Key Mace #2,
Cyclone Blade,
Tornado,
Life Absorbing Machine,
Spirit's Invitation,
Change of Hero - Reflector Ray,
The Despair Uranus,
Flick Clown,
Fusion Sword Murasame Blade,
Dedication through Light and Darkness,
Release from Stone,
World Legacy Awakens,
Zombie Tiger,
Sasuke Samurai #2,
Rhinotaurus,
Toy Knight,
Octoberser,
Monster Egg,
M-Warrior #1,
Bio Plant,
Lighten the Load,
Swing of Memories,
Gogogo Talisman,
Chain Burst,
Forced Ceasefire,
D/D/D/ Contract Change,
Ebon High Magician,Foil
Digital Bug Centibit,
D/D Proud Ogre,
Dragon Horn Hunter,
Fire Opal Head,
Don Durtle,Foil
Fox Fire,
Power Supplier,
Overlay Eater,
Super Defense Robot Monki,
Sleeping Lion,
Root Water,
Chu-Ske the Mouse Fighter,
Chorous of Sanctuary,
Array of Revealing Light,Foil
Arsenal Robber,
Battle-Scarred,
Archfiend's Roar,
Mirror Gate,
Soul Strike,
Blockman,
Lancer Lindwurm,
Endless Decay,
Mystical Wind Typhoon,
Xyz Override,
Crass Clown,
The Creator Incarnate,
Moja,
Vice Berserker,
Big One Warrior,
Plasma Ball,
Zushin the Sleeping Giant,
Datacorn,
Ancient Jar,Foil
Turtle Tiger,Foil
Hinotama Soul,
Gogiga Gagagigo,Foil
Samsara,Foil
The Grave of Enkindling,
No Entry!!,
Desperado Barrel Dragon,
Dark Necrofear,
G.B. Hunter,
Phantom Beast Wild-Horn,
"Prufinesse, the Tactical Trapper",
Samurai Cavalry of Reptier,
Photon Veil,
Level Resist Wall,
Piranha Army,
Double Coston,
Ms. Judge,
Linkbelt Wall Dragon,
Metalfoes Steelen,
The Melting Red Shadow,Foil
Change Slime,
Shining Friendship,
Chamberlain of the Six Samurai,
Contract with the Dark Master,
Fog Control,
Foolish Revival,
Legendary Secret of the Six Samurai,
Kaiser Colosseum,
Megarock Dragon,
Missing Force,
Z-Metal Tank,
Koitsu,
Dark Cat with White Tail,
Element Soldier,
Sasuke Samurai #4,
Rhinotaurus,
"Akz, the Pumer",
Geargiano,
Acorno,
Stone Armadiller,
"Star Light, Star Bright",
Life Absorbing Machine,
Royal Surrender,
Goblin Out of the Frying Pan,
Puzzle Reborn,
Graydle Split,
Hino-Kagu-Tsuchi,
Giant Germ,
Master Monk,
Marionette Mite,
Jurrac Tyrannus,
Influence Dragon,
Leeching the Light,
Prideful Roar,
Cu Chulainn the Awakened,
Horus' Servant,
Storming Wynn,
Steel Ogre Grotto #1,
Ally of Justice Clausolas,
Curse of Fiend,
Cestus of Dagla,
Chaos End,
Graverobber,
Final Attack Orders,
Give and Take,Foil
Performapal Revival,
Mirage Knight,
Tradetoad,
Winged Kuriboh LV9,
World Legacy Bestowal,
Hourglass of Courage,
Vampire Lady,Foil
Piranha Army,
3-Hump Lacooda,
Mecha-Dog Marron,
Doitsu,
Performapal Lebellman,
Rude Kaiser,
Dancing Elf,
Sea Kamen,
Flying Fish,
Elf's Light,
Jar Robber,Foil
Fairy of the Spring,
Soul Resurrection,Foil
Xing Zhen Hu,
Digital Bug Scaradiator,
Jowgen the Spiritualist,
Invader of Darkness,
Blackwing - Aurora the Northern Lights,
Ectoplasmer,
Hammer Shot,
One-Kuri-Way,
Curse of Anubis,
Aqua Dragon,
Kiseitai,
Seismic Crasher,
Mecha Bunny,
Monoceros,
Moonlit Papillon,
Performapal Stamp Turtle,
Assault Blackwing - Kunai the Drizzle,
Back to Square One,
Spark Blaster,
Tutan Mask,
Ray of Hope,
Dual Assembwurm,
Marionette Mite,
Desert Twister,
Gem-Turtle,
D.D. Telepon,Foil
Goblin Pothole Squad,
Lightray Sorcerer,
Nimble Angler,
Ritual of Destruction,
Winged Sage Falcos,
Kangaroo Champ,
Earth Effigy,Foil
Small Piece Golem,
Beast of the Pharaoh,
Poki Draco,
D/D Ghost,
Hinotama Soul,
Ground Attacker Bugroth,
Shining Friendship,
Elf's Light,
Galaxy Stealth Dragon,
Voltic Bicorn,
Number 80: Rhapsody in Berserk,
The Dark Creator,Foil
Doomsday Horror,
Psychic Snail,
Second Booster,
Emergency Provisions,
Piranha Army,
Medusa Worm,
Beast of the Pharaoh,
Sirenorca,
Doriado,
Peacock,
Lesser Dragon,
Acid Crawler,
Malevolent Nuzzler,
Dark-Piercing Light,
Morale Boost,
Enervating Mist,
Ebon High Magician,
Number 59: Crooked Cook,
Dimension Fortress Weapon,
Warrior of Tradition,
Heavy Mech Support Platform,
Kaiser Vorse Raider,
Heart of the Underdog,
Twin-Headed Wolf,
Magicial Plant Mandragola,
Torpedo Fish,
Elemental HERO Lady Heat,
Chrysalis Mole,
Turbo Synchron,
Performapal Lebellman,
Lord of the Lamp,
Mystical Sheep #2,Foil
Nekogal #2,
Gem-Knight Tourmaline,
Tribute Doll,
Delta Attacker,
"Adreus, Keeper of Armageddon",
The Supremacy Sun,
Meteor of Destruction,
Magical Dimension,
Contract with the Abyss,
Tuner's Scheme,
Cyber Saurus,
Kiseitai,Foil
Ultimate Obedient Fiend,
Energy Bravery,
Basic Insect,
Cyber Soldier of Darkworld,
Garvas,
Steel Ogre Grotto #1,
Last Day of Witch,
Share the Pain,
Hero Signal,
Hero Counterattack,
Hero Counterattack,
Blackwing - Bombardment,
Dark Room of Nightmare,
Zoodiac Hammerkong,
Legendary Flame Lord,
Mushroom Man #2,
UFO Turtle,
T.A.D.P.O.L.E.,
Maniacal Servant,
Naturia Vein,
Card Breaker,
Mogmole,
Big Whale,
Elementsaber Molehu,
Gouki Moonsault,
Sea Kamen,
Gazelle the King of Mythical Beasts,
Wingweaver,
Mind Haxorz,
Miracle Kids,
Half or Nothing,
World Legacy Trap Globe,Foil
Number 42: Galaxy Tomahawk,
Bownty,
Photon Papilloperative,
Fusionist,
Goblin Fan,
Renewal of the World,
Eternal Bond,
Dark Scorpion - Cliff the Trap Remover,
Element Dragon,
Umbral Soul,
Hammer Shark,
Performapal Extra Slinger,
Performapal Extra Slinger,Foil
Krokodilus,
Nekogal #1,
Sonic Maid,
Queen Bird,
Dust Barrier,
Star Changer,Foil
Survival Instinct,
Cyber Blader,
Master of Oz,Foil
Amphibious Bugroth MK-3,
Bicorn Re'em,
Gravity Bind,
Psychic Overload,
Planckton,
Neo-Spacian Marine Dolphin,
Granadora,
Elemental HERO Wildheart,
Garbage Collector,
Orion the Battle King,
Flame Manipulator,
Water Omotics,
Dragonic Attack,
Gouki Cage Match,
Conscription,Foil
Fine,
Limit Impulse,
Oops!,
Junk Warrior,
Number 24: Dragulas the Vampiric Dragon,
Kycoo the Ghost Destroyer,
Phoenix Gearfried,
Number C65: King Overfiend,
Soul of Purity and Light,
Double Magical Arm Bind,
Purushaddoll Aeon,
Cu Chulainn the Awakened,
Rare Metal Dragon,
Brain Jacker,
Elemental HERO Lady Heat,
Fortress Warrior,
Jurrac Stauriko,
Xyz-Raypierce,
Hercules Beetle,Foil
Shovel Crusher,
7,
Misfortune,
Pharaoh's Treasure,
A-to-Z-Dragon Buster Cannon,
Ravenous Crocodragon Archethys,
"Shinato, King of a Higher Plane",
Field-Commander Rahz,
Mine Mole,
Spiders' Lair,
Shadow Spell,
Guard Mines,Foil
Anti-Magic Prism,
Unified Front,
Gora Turtle of Illusion,
Bee List Soldier,
Basic Insect,
Warrior Dai Grepher,
Luster Dragon,
Hero Heart,
Synchro Control,
Chthonian Blast,
Foolish Revival,
Telepathic Power,
Goyo Guardian,
Grave Protector,
Soul Transition,
Mudora,
Pandaborg,
Bug Matrix,
Chain Summon,
Bark of Dark Ruler,
Impenetrable Attack,
"Garoth, Lightsworn Warrior",
Achacha Archer,
High Tide Gyojin,
Warrior Dai Grepher,
Chamberlain of the Six Samurai,
Chorus of Sanctuary,
Pot of Generosity,
Metal Detector,
Crimson Fire,
Destruction Potion,
Orcustrated Attack,
Dark Necrofear,
Slate Warrior,
Magical Reflect Slime,
Spell Shattering Arrow,
Final Ritual of the Ancients,
Overlay Capture,
Fish Depth Charge,
Berserking,
Guard Mines,
Mystical Sand,
Wodan the Resident of the Forest,
Cobraman Sakuzy,
Gale Lizard,
Teva,
Solar Flare Dragon,
Performapal Handstandacoon,Foil
D.D. Borderline,
Gift of the Martyr,
Parallel Selection,
Sealing Ceremony of Mokuton,
The End of Anubis,
Monster Eye,
Unibird,
Silent Psychic Wizard,
Unleash Your Power!,Foil
After the Storm,Foil
Magical Thorn,
Berfomet,
Goblin Attack Force,
Disc Fighter,
Gem-Merchant,
World Chalice Guardragon,
Ancient Brain,
Droll Bird,
Dice Armadillo,Foil
Robotic Knight,
Darkness Approaches,
Token Thanksgiving,
Burst Return,Foil
Temple of the Sun,
Goblin King,
Nopenguin,
Super War-Lion,Foil
Lifeforce Harmonizer,
Second Booster,
"Prufinesse, the Tactical Trapper",
Megalith Och,
Mushroom Man #2,
Blackwing - Gust the Backblast,
Blackwing - Hillen the Tengu-wind,
Spearfish Soldier,
Constellar Aldebaran,
Igknight Veteran,
Dark King of the Abyss,
Skull Stalker,
Hitodenchak,
Crowned by the World Chalice,
Destruction Punch,Foil
The Dragon's Bead,Foil
Dark Coffin,
Spiritual Whisper,
Terminal World,
Backfire,
Dimension Mirage,
Deepsea Shark,
Cu Chulainn the Awakened,
Skull-Mark Ladybug,
Blood Sucker,
Elemental HERO Neo Bubbleman,
Sand Moth,
Shield Warrior,
Mecha Bunny,
Road Synchron,
Tasuke Knight,Foil
Yamatano Dragon Scroll,
Hard Armor,
Leogun,
Omega Goggles,
Beast Rage,
Attack of the Cornered Rat,
Legendary Knight Critias,
D.D. Warrior,
Ultimate Tyranno,
Herculean Power,
Depth Amulet,
A Major Upset,
Rocket Jumper,
Sand Gambler,
Ignoble Knight of Black Laundsallyn,
That Which Feeds on Life,
Phantom Dewan,
Akakieisu,
Horn of Light,
Dimension Distortion,
Lighten the Load,
Cocoon Party,Foil
Narrow Pass,
D. Tribe,Foil
Fine,
World Legacy Collapse,
"Sophia, Goddess of Rebirth",
Shiranui Samuraisaga,
Skilled Dark Magician,
Samurai Cavalry of Reptier,
Overlay Regen,
Localized Tornado,
Igknight Burst,
White Magical Hat,
Rainbow Flower,
Bicular,
Blackwing - Jin the Rain Shadow,
Tardy Orc,
Spirit of the Winds,
Dark Gray,
Two-Mouth Darkruler,
Dragon Treasure,
Light Laser,
Soul Demolition,
Shield Spear,Foil
Offering to the Immortals,
Acid Rain,
Big Burn,
Swift Birdman Joe,Foil
Gemini Summoner,
Gladiator Beast Samnite,
The Dragon Dwelling in the Deep,
Gem-Merchant,
Top Runner,
Swallowtail Butterspy,
Mecha Phantom Beast Sabre Hawk,
Feral Imp,
Sea Serpent Warrior of Darkness,
Stim-Pack,
Burning Land,
Spiritual Energy Settle Machine,
Burst Return,
Fog Control,
Mask of Weakness,
Ready for Intercepting,Foil
Oops!,
Nightmare Penguin,
Herald of Green Light,
Flip Flop Frog,
Garma Sword Oath,
Big Burn,Foil
Karbonala Warrior,
Zombie Tiger,
Ghost Gardna,
Hammer Bounzer,
Swallowtail Butterspy,
Performapal Gongato,
Monster Egg,
Combination Attack,
Pot of Generosity,
Gladiator Beast's Battle Halberd,
Final Gesture,
The Emperor's Holiday,
Sealing Ceremony of Suiton,
Soul Strike,
Orcustrated Core,
Brain Golem,
Armored Bitron,Foil
Stronghold Guardian,
Monster Reincarnation,
Space Insulator,
Dragon Piper,
Hyena,
Izanami,
Weeping Idol,
Saambell the Summoner,
Silver Fang,
Zageningen,
Serpent Marauder,
X-Head Cannon,
Elf's Light,
The A. Forces,
Cestus of Dagla,Foil
Infected Mail,
Flashbang,
Reinforced Space,
Codebreaker Virus Berserker,
Legendary Knight Hermos,
Summoned Skull,
Drill Warrior,
The Legendary Fisherman,Foil
Infernal Flame Emperor,Foil
Gash the Dust Lord,
"World Legacy - ""World Chalice""",
Trancefamiliar,
Star Blast,
Blackwing - Fane the Steel Chain,
Rodenut,
Gouki Moonsault,
"Zefrasaber, Swordmaster of the Nekroz",
Labyrinth Wall,
Sentinel of the Seas,
Violet Crystal,
Array of Revealing Light,
Sinister Seeds,
Blackwing - Bombardment,
Decode Talker,
Barrier Statue of the Drought,
Archfiend Empress,
Reflect Bounder,
Anteatereatingant,
Fishborg Archer,Foil
Shogi Lance,
Kabuki Dragon,
Fukubiki,
Blast Juggler,
Sage of Silence,
Yamato-no-Kami,
Chow Chow Chan,
Performapal Partnaga,
Fire Reaper,
Tao the Chanter,
The Cheerful Coffin,
Incandescent Ordeal,
Fulfillment of the Contract,
Remote Rebirth,Foil
Threatening Roar,
Zombina,
Firewall Guardian,
Terminal World,
Malevolent Catastrophe,
Labyrinth Tank,
Shadow Tamer,
Second Goblin,
Absorbing Kid from the Sky,
Dark Spider,
Rhinotaurus,
Dark Desertapir,
Majiosheldon,
Aquaactress Guppy,Foil
Wicked Dragon with the Ersatz Head,
Sea Kamen,Foil
Amphibian Beast,
The Cheerful Coffin,Foil
Limit Impulse,
Oh F!sh!,
Psychic Bounder,
Gravelstorm,
Guardian Sphinx,
A Man with Wdjat,
Infernal Dragon,
Tiger Dragon,
Second Booster,
Motivating Captain,
Fighting Dirty,
Maharaghi,
Twin-Sword Marauder,
Double Shark,
Horn Imp,
Golgoil,Foil
Senet Switch,
Cracking,
Eatgaboon,
Elemental Burst,Foil
Miniaturize,
Ritual Buster,
Number 4: Stealth Kragen,
Ojamatch,
Orient Dragon,
Clear Kuriboh,
Master of Oz,
Torapart,
Caligo Claw Crow,Foil
Cloak and Dagger,Foil
Patrician of Darkness,
Winged Minion,
Miracle Flipper,Foil
Fortress Warrior,
Two-Headed King Rex,Foil
Elf's Light,
Union Attack,
Poisonous Winds,
Bottomless Shifting Sand,
Meteorain,
The First Sarcophagus,
Pikeru's Circle of Enchantment,
Immortal Phoenix Gearfried,
Gilasaurus,
Gilford the Lightning,
"Super Armored Robot Armed Black Iron ""C""",
Dark Magic Curtain,Foil
Tokkosho of Ghost Destroying,
Pendulum Hole,
Linkerbell,
Needle Ball,
Enraged Battle Ox,
Twinheaded Beast,
Return Zombie,
Phantom Cricket,
Hurricail,
Hitodenchak,Foil
Fungi of the Musk,
Acid Crawler,
Des Croaking,
Negate Attack,Foil
Reinforced Space,
Number 14: Greedy Sarameya,
Disposable Learner Device,
De-Synchro,
Fish Depth Charge,
Obnoxious Celtic Guard,
Drillago,
Solar Flare Dragon,
Hunter Owl,
Tricular,
Xyz-Raypierce,
Performapal Handstandaccoon,Foil
Clown Zombie,
Korogashi,Foil
Ill witch,
Heart of Clear Water,
Nitro Unit,
Psi-Station,
Final Attack Orders,Foil
The Grave of Enkindling,
Meteor Flare,
Dystopia the Despondent,
Kwagar Hercules,
Winged Kuriboh,
Fukubiki,Foil
4-Starred Ladybug of Doom,
Twinheaded Beast,
Atomic Firefly,
The Trojan Horse,
Turbo Synchron,Foil
Creepy Coney,
Performapal Guitartle,
Guardragon Justicia,
Miracle Dig,
Triangle Power,
Triangle Power,
Disarmament,
Terra Firma Gravity,
Strike Slash,
Fine,
Sealing Ceremony of Raiton,
Gem-Knight Ruby,
"Exxod, Master of the Guard",
Pharaonic Guardian Sphinx,
Swords of Revealing Light,
Regenerating Mummy,
Storming Wynn,
Man Beast of Ares,
Woodland Archer,
Tasuke Knight,
Bravedrive,
Ray & Temperature,Foil
Luster Dragon #2,
Hinotama,
Card Shuffle,
Orb of Yasaka,
Minefield Eruption,
Aegis of Gaia,
Chaos Trap Hole,
Soul Strike,
Guardragon Corewakening,Foil
Rebellion,
Dark Balter the Terrible,
Gandora the Dragon of Destruction,
Greed Quasar,
Nobleman of Extermination,
Generation Shift,
Roaring Ocean Snake,
Board Soldier,
Mysterious Guard,Foil
T.A.D.P.O.L.E.,
Panther Shark,
Sebek's Blessing,
Marshmallon Glasses,
Fulfillment of the Contract,
Intruder Alarm - Yellow Alert,
Byroad Sacrifice,Foil
Trap Reclamation,
Ivy Shackles,
Black Feather Beacon,
Escalation of the Monarchs,
Colossal Fighter,
Berserker Soul,
Goblindbergh,
Number 52: Diamond Crab King,
Trident Warrior,
Emergency Provisions,
Lava Battleguard,
Elephant Statue of Blessing,
Blade Rabbit,
Grave Ohja,
D.D. Guide,
Shield Warrior,
Blackwing - Elphin the Raven,
Xyz-Raypierce,
Nightmare Scorpion,Foil
Molten Destruction,Foil
Transcendent Wings,
The Paths of Destiny,
Psychic Rejuvenation,
Icy Crevasse,
Magical Mid-Breaker Field,
Flying Elephant,
The Despair Uranus,
Storm Caller,
Eccentric Boyo,
Three Thousand Needles,
Caligo Claw Crow,
Dark Artist,
Drill Bug,
Board Soldier,
Zubaba Knight,
Arlownay,
Hinotama Soul,
Mad Dog of Darkness,
Gigobyte,
Cloudian - Smoke Ball,Foil
Unicycular,Foil
H - Heated Heart,